Workbook

Sheet Instructions
A1: CRDP Support Effort Estimator
A2: Purpose
A3: Use this workbook to compare monthly and annual incremental support effort for tokenization capability across different application portfolio sizes and rollout assumptions.
A4: The calculation used on the scenario tabs is: Support Effort = Base Complexity x Readiness Multiplier x Criticality Multiplier x Data/Performance Multiplier.
A5: How to use it
A6: 1. Review or edit the multiplier tables on the Assumptions and Conservative_Assumptions tabs.
A7: 2. On each Scenario tab, adjust application counts and dropdown-style labels directly in the cells.
A8: 3. Base complexity hours are sample midpoint assumptions from the estimating guide.
A9: 4. The 250-app scenario is intentionally broad and may overstate scope before the assessment tool narrows true change owners.
A10: 5. The 100-app and 50-app scenarios model what support can look like after assessment-based scope reduction.
A11: 6. Portfolio_Summary compares baseline and conservative assumptions side by side.
A12: 7. Role_Breakdown allocates monthly hours across roles such as DevOps, DBA, Thales admin, and application support.
... A19: Monthly FTE is calculated using 160 hours per month as a planning assumption.

Sheet Assumptions
A1: Assumption Tables
A3: Base Complexity | B3: Hours / App / Month | D3: Readiness | E3: Multiplier | G3: Criticality | H3: Multiplier | J3: Data / Performance | K3: Multiplier
A4: Low | B4: 3 | D4: High | E4: 0.95 | G4: BusinessHours | H4: 1 | J4: Low | K4: 1
A5: Medium | B5: 9.5 | D5: Medium | E5: 1.1 | G5: Near24x7 | H5: 1.3 | J5: Moderate | K5: 1.2
A6: High | B6: 24 | D6: Low | E6: 1.5 | G6: HighlyCritical | H6: 1.6 | J6: High | K6: 1.5
A8: Notes
A9: Low / Medium / High base complexity hours are midpoint planning assumptions derived from the estimating guide.
A10: You can change any multiplier in this sheet and all baseline scenario totals will recalculate when the workbook is opened in Excel.
A11: For front-end reference-only populations, the assessment tool often reduces the true support scope substantially.

Sheet Conservative_Assumptions
A1: Conservative Assumption Tables
A3: Base Complexity | B3: Hours / App / Month | D3: Readiness | E3: Multiplier | G3: Criticality | H3: Multiplier | J3: Data / Performance | K3: Multiplier
A4: Low | B4: 3 | D4: High | E4: 0.9 | G4: BusinessHours | H4: 1 | J4: Low | K4: 1
A5: Medium | B5: 9.5 | D5: Medium | E5: 1 | G5: Near24x7 | H5: 1.15 | J5: Moderate | K5: 1.1
A6: High | B6: 24 | D6: Low | E6: 1.25 | G6: HighlyCritical | H6: 1.35 | J6: High | K6: 1.25
A8: Notes
A9: This tab models a lighter steady-state support assumption after reusable wrappers, good automation, and stable platform operations are in place.
A10: These multipliers are useful for customer conversations where Thales policy administration and application break-fix are expected to remain low after onboarding.
A11: Use this set when you want to show an efficiency-oriented operating model alongside the baseline view.

Sheet Portfolio_Summary
A1: Portfolio Scenario Summary
A2: These totals roll up the scenario tabs and show how scope reduction changes support assumptions.
A3: Scenario | B3: Applications | C3: Baseline Monthly Hours | D3: Baseline Annual Hours | E3: Baseline Monthly FTE | F3: Conservative Monthly Hours | G3: Conservative Annual Hours | H3: Conservative Monthly FTE | I3: Interpretation
A4: 250 apps | B4: =Scenario_250!B12 | C4: =Scenario_250!B13 | D4: =Scenario_250!B14 | E4: =Scenario_250!B15 | F4: =Scenario_250_Conservative!B13 | G4: =Scenario_250_Conservative!B14 | H4: =Scenario_250_Conservative!B15 | I4: Broad pre-assessment estate view. Likely overstates true change-owner scope.
A5: 100 apps | B5: =Scenario_100!B12 | C5: =Scenario_100!B13 | D5: =Scenario_100!B14 | E5: =Scenario_100!B15 | F5: =Scenario_100_Conservative!B13 | G5: =Scenario_100_Conservative!B14 | H5: =Scenario_100_Conservative!B15 | I5: Post-assessment view where front-end-only references and low-impact apps are reduced.
A6: 50 apps | B6: =Scenario_50!B12 | C6: =Scenario_50!B13 | D6: =Scenario_50!B14 | E6: =Scenario_50!B15 | F6: =Scenario_50_Conservative!B13 | G6: =Scenario_50_Conservative!B14 | H6: =Scenario_50_Conservative!B15 | I6: Focused rollout wave or narrowed set of true back-end/data-access owners.

Sheet Scenario_250
A1: 250 Application Support Effort Scenario
A2: Sample assumptions. Edit counts or multiplier labels as needed.
A3: Use Case | B3: Application Count | C3: Complexity | D3: Base Complexity Hours / App / Month | E3: Readiness | F3: Readiness Multiplier | G3: Criticality | H3: Criticality Multiplier | I3: Data / Performance | J3: Data / Performance Multiplier | K3: Adjusted Monthly Hours / App | L3: Total Monthly Hours | M3: Notes
A4: Front-end reference / proxy review | B4: 150 | C4: Low | D4: =VLOOKUP(C4,Assumptions!$A$4:$B$6,2,FALSE) | E4: Medium | F4: =VLOOKUP(E4,Assumptions!$D$4:$E$6,2,FALSE) | G4: BusinessHours | H4: =VLOOKUP(G4,Assumptions!$G$4:$H$6,2,FALSE) | I4: Low | J4: =VLOOKUP(I4,Assumptions!$J$4:$K$6,2,FALSE) | K4: =D4*F4*H4*J4 | L4: =B4*K4 | M4: Many may only reference sensitive fields; assessment often removes most from true change scope.
A5: Back-end API owners | B5: 30 | C5: Medium | D5: =VLOOKUP(C5,Assumptions!$A$4:$B$6,2,FALSE) | E5: Medium | F5: =VLOOKUP(E5,Assumptions!$D$4:$E$6,2,FALSE) | G5: Near24x7 | H5: =VLOOKUP(G5,Assumptions!$G$4:$H$6,2,FALSE) | I5: Moderate | J5: =VLOOKUP(I5,Assumptions!$J$4:$K$6,2,FALSE) | K5: =D5*F5*H5*J5 | L5: =B5*K5 | M5: Primary REST and service owners after assessment.
A6: JDBC candidate applications | B6: 20 | C6: Low | D6: =VLOOKUP(C6,Assumptions!$A$4:$B$6,2,FALSE) | E6: High | F6: =VLOOKUP(E6,Assumptions!$D$4:$E$6,2,FALSE) | G6: BusinessHours | H6: =VLOOKUP(G6,Assumptions!$G$4:$H$6,2,FALSE) | I6: Moderate | J6: =VLOOKUP(I6,Assumptions!$J$4:$K$6,2,FALSE) | K6: =D6*F6*H6*J6 | L6: =B6*K6 | M6: Lower incremental support if driver-based coverage is feasible.
A7: Kafka producers / consumers | B7: 10 | C7: High | D7: =VLOOKUP(C7,Assumptions!$A$4:$B$6,2,FALSE) | E7: Medium | F7: =VLOOKUP(E7,Assumptions!$D$4:$E$6,2,FALSE) | G7: HighlyCritical | H7: =VLOOKUP(G7,Assumptions!$G$4:$H$6,2,FALSE) | I7: High | J7: =VLOOKUP(I7,Assumptions!$J$4:$K$6,2,FALSE) | K7: =D7*F7*H7*J7 | L7: =B7*K7 | M7: Message-contract, replay, and reveal/protect troubleshooting sensitivity.
A8: Mainframe / WebSphere / Oracle | B8: 10 | C8: High | D8: =VLOOKUP(C8,Assumptions!$A$4:$B$6,2,FALSE) | E8: Low | F8: =VLOOKUP(E8,Assumptions!$D$4:$E$6,2,FALSE) | G8: HighlyCritical | H8: =VLOOKUP(G8,Assumptions!$G$4:$H$6,2,FALSE) | I8: High | J8: =VLOOKUP(I8,Assumptions!$J$4:$K$6,2,FALSE) | K8: =D8*F8*H8*J8 | L8: =B8*K8 | M8: Cross-platform support and contractor-readiness risk.
A9: Databricks reveal / batch | B9: 20 | C9: Medium | D9: =VLOOKUP(C9,Assumptions!$A$4:$B$6,2,FALSE) | E9: Medium | F9: =VLOOKUP(E9,Assumptions!$D$4:$E$6,2,FALSE) | G9: BusinessHours | H9: =VLOOKUP(G9,Assumptions!$G$4:$H$6,2,FALSE) | I9: High | J9: =VLOOKUP(I9,Assumptions!$J$4:$K$6,2,FALSE) | K9: =D9*F9*H9*J9 | L9: =B9*K9 | M9: Batch windows and downstream analytics dependencies.
A10: Analytics / reveal-heavy | B10: 10 | C10: High | D10: =VLOOKUP(C10,Assumptions!$A$4:$B$6,2,FALSE) | E10: Medium | F10: =VLOOKUP(E10,Assumptions!$D$4:$E$6,2,FALSE) | G10: Near24x7 | H10: =VLOOKUP(G10,Assumptions!$G$4:$H$6,2,FALSE) | I10: High | J10: =VLOOKUP(I10,Assumptions!$J$4:$K$6,2,FALSE) | K10: =D10*F10*H10*J10 | L10: =B10*K10 | M10: Large result sets and performance sensitivity.
A12: Total applications | B12: =SUM(B4:B10)
A13: Total monthly hours | B13: =SUM(L4:L10)
A14: Total annual hours | B14: =B13*12
A15: Estimated monthly FTE (160h) | B15: =B13/160

Sheet Scenario_100
A1: 100 Application Support Effort Scenario
A2: Sample assumptions. Edit counts or multiplier labels as needed.
A3: Use Case | B3: Application Count | C3: Complexity | D3: Base Complexity Hours / App / Month | E3: Readiness | F3: Readiness Multiplier | G3: Criticality | H3: Criticality Multiplier | I3: Data / Performance | J3: Data / Performance Multiplier | K3: Adjusted Monthly Hours / App | L3: Total Monthly Hours | M3: Notes
A4: Front-end reference / proxy review | B4: 20 | C4: Low | D4: =VLOOKUP(C4,Assumptions!$A$4:$B$6,2,FALSE) | E4: Medium | F4: =VLOOKUP(E4,Assumptions!$D$4:$E$6,2,FALSE) | G4: BusinessHours | H4: =VLOOKUP(G4,Assumptions!$G$4:$H$6,2,FALSE) | I4: Low | J4: =VLOOKUP(I4,Assumptions!$J$4:$K$6,2,FALSE) | K4: =D4*F4*H4*J4 | L4: =B4*K4 | M4: Reduced scope after ownership analysis.
A5: Back-end API owners | B5: 25 | C5: Medium | D5: =VLOOKUP(C5,Assumptions!$A$4:$B$6,2,FALSE) | E5: Medium | F5: =VLOOKUP(E5,Assumptions!$D$4:$E$6,2,FALSE) | G5: Near24x7 | H5: =VLOOKUP(G5,Assumptions!$G$4:$H$6,2,FALSE) | I5: Moderate | J5: =VLOOKUP(I5,Assumptions!$J$4:$K$6,2,FALSE) | K5: =D5*F5*H5*J5 | L5: =B5*K5 | M5: Likely true REST and business-logic change owners.
A6: JDBC candidate applications | B6: 15 | C6: Low | D6: =VLOOKUP(C6,Assumptions!$A$4:$B$6,2,FALSE) | E6: High | F6: =VLOOKUP(E6,Assumptions!$D$4:$E$6,2,FALSE) | G6: BusinessHours | H6: =VLOOKUP(G6,Assumptions!$G$4:$H$6,2,FALSE) | I6: Moderate | J6: =VLOOKUP(I6,Assumptions!$J$4:$K$6,2,FALSE) | K6: =D6*F6*H6*J6 | L6: =B6*K6 | M6: Lower app-support burden if driver strategy is used.
A7: Kafka producers / consumers | B7: 10 | C7: High | D7: =VLOOKUP(C7,Assumptions!$A$4:$B$6,2,FALSE) | E7: Medium | F7: =VLOOKUP(E7,Assumptions!$D$4:$E$6,2,FALSE) | G7: HighlyCritical | H7: =VLOOKUP(G7,Assumptions!$G$4:$H$6,2,FALSE) | I7: High | J7: =VLOOKUP(I7,Assumptions!$J$4:$K$6,2,FALSE) | K7: =D7*F7*H7*J7 | L7: =B7*K7 | M7: Shared integration support required.
A8: Mainframe / WebSphere / Oracle | B8: 10 | C8: High | D8: =VLOOKUP(C8,Assumptions!$A$4:$B$6,2,FALSE) | E8: Low | F8: =VLOOKUP(E8,Assumptions!$D$4:$E$6,2,FALSE) | G8: HighlyCritical | H8: =VLOOKUP(G8,Assumptions!$G$4:$H$6,2,FALSE) | I8: High | J8: =VLOOKUP(I8,Assumptions!$J$4:$K$6,2,FALSE) | K8: =D8*F8*H8*J8 | L8: =B8*K8 | M8: Older middleware and cross-team coordination risk.
A9: Databricks reveal / batch | B9: 10 | C9: Medium | D9: =VLOOKUP(C9,Assumptions!$A$4:$B$6,2,FALSE) | E9: Medium | F9: =VLOOKUP(E9,Assumptions!$D$4:$E$6,2,FALSE) | G9: BusinessHours | H9: =VLOOKUP(G9,Assumptions!$G$4:$H$6,2,FALSE) | I9: High | J9: =VLOOKUP(I9,Assumptions!$J$4:$K$6,2,FALSE) | K9: =D9*F9*H9*J9 | L9: =B9*K9 | M9: Batch and data anomaly support.
A10: Analytics / reveal-heavy | B10: 10 | C10: High | D10: =VLOOKUP(C10,Assumptions!$A$4:$B$6,2,FALSE) | E10: Medium | F10: =VLOOKUP(E10,Assumptions!$D$4:$E$6,2,FALSE) | G10: Near24x7 | H10: =VLOOKUP(G10,Assumptions!$G$4:$H$6,2,FALSE) | I10: High | J10: =VLOOKUP(I10,Assumptions!$J$4:$K$6,2,FALSE) | K10: =D10*F10*H10*J10 | L10: =B10*K10 | M10: Reveal-heavy performance review.
A12: Total applications | B12: =SUM(B4:B10)
A13: Total monthly hours | B13: =SUM(L4:L10)
A14: Total annual hours | B14: =B13*12
A15: Estimated monthly FTE (160h) | B15: =B13/160

Sheet Scenario_50
A1: 50 Application Support Effort Scenario
A2: Sample assumptions. Edit counts or multiplier labels as needed.
A3: Use Case | B3: Application Count | C3: Complexity | D3: Base Complexity Hours / App / Month | E3: Readiness | F3: Readiness Multiplier | G3: Criticality | H3: Criticality Multiplier | I3: Data / Performance | J3: Data / Performance Multiplier | K3: Adjusted Monthly Hours / App | L3: Total Monthly Hours | M3: Notes
A4: Front-end reference / proxy review | B4: 5 | C4: Low | D4: =VLOOKUP(C4,Assumptions!$A$4:$B$6,2,FALSE) | E4: Medium | F4: =VLOOKUP(E4,Assumptions!$D$4:$E$6,2,FALSE) | G4: BusinessHours | H4: =VLOOKUP(G4,Assumptions!$G$4:$H$6,2,FALSE) | I4: Low | J4: =VLOOKUP(I4,Assumptions!$J$4:$K$6,2,FALSE) | K4: =D4*F4*H4*J4 | L4: =B4*K4 | M4: Small residual population after assessment and rollout prioritization.
A5: Back-end API owners | B5: 15 | C5: Medium | D5: =VLOOKUP(C5,Assumptions!$A$4:$B$6,2,FALSE) | E5: Medium | F5: =VLOOKUP(E5,Assumptions!$D$4:$E$6,2,FALSE) | G5: Near24x7 | H5: =VLOOKUP(G5,Assumptions!$G$4:$H$6,2,FALSE) | I5: Moderate | J5: =VLOOKUP(I5,Assumptions!$J$4:$K$6,2,FALSE) | K5: =D5*F5*H5*J5 | L5: =B5*K5 | M5: Primary wave of back-end owners.
A6: JDBC candidate applications | B6: 10 | C6: Low | D6: =VLOOKUP(C6,Assumptions!$A$4:$B$6,2,FALSE) | E6: High | F6: =VLOOKUP(E6,Assumptions!$D$4:$E$6,2,FALSE) | G6: BusinessHours | H6: =VLOOKUP(G6,Assumptions!$G$4:$H$6,2,FALSE) | I6: Moderate | J6: =VLOOKUP(I6,Assumptions!$J$4:$K$6,2,FALSE) | K6: =D6*F6*H6*J6 | L6: =B6*K6 | M6: Targeted lower-impact rollout group.
A7: Kafka producers / consumers | B7: 5 | C7: High | D7: =VLOOKUP(C7,Assumptions!$A$4:$B$6,2,FALSE) | E7: Medium | F7: =VLOOKUP(E7,Assumptions!$D$4:$E$6,2,FALSE) | G7: HighlyCritical | H7: =VLOOKUP(G7,Assumptions!$G$4:$H$6,2,FALSE) | I7: High | J7: =VLOOKUP(I7,Assumptions!$J$4:$K$6,2,FALSE) | K7: =D7*F7*H7*J7 | L7: =B7*K7 | M7: Event-driven use case wave.
A8: Mainframe / WebSphere / Oracle | B8: 5 | C8: High | D8: =VLOOKUP(C8,Assumptions!$A$4:$B$6,2,FALSE) | E8: Low | F8: =VLOOKUP(E8,Assumptions!$D$4:$E$6,2,FALSE) | G8: HighlyCritical | H8: =VLOOKUP(G8,Assumptions!$G$4:$H$6,2,FALSE) | I8: High | J8: =VLOOKUP(I8,Assumptions!$J$4:$K$6,2,FALSE) | K8: =D8*F8*H8*J8 | L8: =B8*K8 | M8: High-touch legacy integration subset.
A9: Databricks reveal / batch | B9: 5 | C9: Medium | D9: =VLOOKUP(C9,Assumptions!$A$4:$B$6,2,FALSE) | E9: Medium | F9: =VLOOKUP(E9,Assumptions!$D$4:$E$6,2,FALSE) | G9: BusinessHours | H9: =VLOOKUP(G9,Assumptions!$G$4:$H$6,2,FALSE) | I9: High | J9: =VLOOKUP(I9,Assumptions!$J$4:$K$6,2,FALSE) | K9: =D9*F9*H9*J9 | L9: =B9*K9 | M9: Batch-focused rollout slice.
A10: Analytics / reveal-heavy | B10: 5 | C10: High | D10: =VLOOKUP(C10,Assumptions!$A$4:$B$6,2,FALSE) | E10: Medium | F10: =VLOOKUP(E10,Assumptions!$D$4:$E$6,2,FALSE) | G10: Near24x7 | H10: =VLOOKUP(G10,Assumptions!$G$4:$H$6,2,FALSE) | I10: High | J10: =VLOOKUP(I10,Assumptions!$J$4:$K$6,2,FALSE) | K10: =D10*F10*H10*J10 | L10: =B10*K10 | M10: Performance-sensitive reveal subset.
A12: Total applications | B12: =SUM(B4:B10)
A13: Total monthly hours | B13: =SUM(L4:L10)
A14: Total annual hours | B14: =B13*12
A15: Estimated monthly FTE (160h) | B15: =B13/160

Sheet Scenario_250_Conservative
A1: 250 Application Conservative Support Effort Scenario
A2: Sample assumptions. Edit counts or multiplier labels as needed.
A3: Use Case | B3: Application Count | C3: Complexity | D3: Base Complexity Hours / App / Month | E3: Readiness | F3: Readiness Multiplier | G3: Criticality | H3: Criticality Multiplier | I3: Data / Performance | J3: Data / Performance Multiplier | K3: Adjusted Monthly Hours / App | L3: Total Monthly Hours | M3: Notes
A4: Front-end reference / proxy review | B4: 150 | C4: Low | D4: =VLOOKUP(C4,Conservative_Assumptions!$A$4:$B$6,2,FALSE) | E4: Medium | F4: =VLOOKUP(E4,Conservative_Assumptions!$D$4:$E$6,2,FALSE) | G4: BusinessHours | H4: =VLOOKUP(G4,Conservative_Assumptions!$G$4:$H$6,2,FALSE) | I4: Low | J4: =VLOOKUP(I4,Conservative_Assumptions!$J$4:$K$6,2,FALSE) | K4: =D4*F4*H4*J4 | L4: =B4*K4 | M4: Many may only reference sensitive fields; assessment often removes most from true change scope.
A5: Back-end API owners | B5: 30 | C5: Medium | D5: =VLOOKUP(C5,Conservative_Assumptions!$A$4:$B$6,2,FALSE) | E5: Medium | F5: =VLOOKUP(E5,Conservative_Assumptions!$D$4:$E$6,2,FALSE) | G5: Near24x7 | H5: =VLOOKUP(G5,Conservative_Assumptions!$G$4:$H$6,2,FALSE) | I5: Moderate | J5: =VLOOKUP(I5,Conservative_Assumptions!$J$4:$K$6,2,FALSE) | K5: =D5*F5*H5*J5 | L5: =B5*K5 | M5: Primary REST and service owners after assessment.
A6: JDBC candidate applications | B6: 20 | C6: Low | D6: =VLOOKUP(C6,Conservative_Assumptions!$A$4:$B$6,2,FALSE) | E6: High | F6: =VLOOKUP(E6,Conservative_Assumptions!$D$4:$E$6,2,FALSE) | G6: BusinessHours | H6: =VLOOKUP(G6,Conservative_Assumptions!$G$4:$H$6,2,FALSE) | I6: Moderate | J6: =VLOOKUP(I6,Conservative_Assumptions!$J$4:$K$6,2,FALSE) | K6: =D6*F6*H6*J6 | L6: =B6*K6 | M6: Lower incremental support if driver-based coverage is feasible.
A7: Kafka producers / consumers | B7: 10 | C7: High | D7: =VLOOKUP(C7,Conservative_Assumptions!$A$4:$B$6,2,FALSE) | E7: Medium | F7: =VLOOKUP(E7,Conservative_Assumptions!$D$4:$E$6,2,FALSE) | G7: HighlyCritical | H7: =VLOOKUP(G7,Conservative_Assumptions!$G$4:$H$6,2,FALSE) | I7: High | J7: =VLOOKUP(I7,Conservative_Assumptions!$J$4:$K$6,2,FALSE) | K7: =D7*F7*H7*J7 | L7: =B7*K7 | M7: Message-contract, replay, and reveal/protect troubleshooting sensitivity.
A8: Mainframe / WebSphere / Oracle | B8: 10 | C8: High | D8: =VLOOKUP(C8,Conservative_Assumptions!$A$4:$B$6,2,FALSE) | E8: Low | F8: =VLOOKUP(E8,Conservative_Assumptions!$D$4:$E$6,2,FALSE) | G8: HighlyCritical | H8: =VLOOKUP(G8,Conservative_Assumptions!$G$4:$H$6,2,FALSE) | I8: High | J8: =VLOOKUP(I8,Conservative_Assumptions!$J$4:$K$6,2,FALSE) | K8: =D8*F8*H8*J8 | L8: =B8*K8 | M8: Cross-platform support and contractor-readiness risk.
A9: Databricks reveal / batch | B9: 20 | C9: Medium | D9: =VLOOKUP(C9,Conservative_Assumptions!$A$4:$B$6,2,FALSE) | E9: Medium | F9: =VLOOKUP(E9,Conservative_Assumptions!$D$4:$E$6,2,FALSE) | G9: BusinessHours | H9: =VLOOKUP(G9,Conservative_Assumptions!$G$4:$H$6,2,FALSE) | I9: High | J9: =VLOOKUP(I9,Conservative_Assumptions!$J$4:$K$6,2,FALSE) | K9: =D9*F9*H9*J9 | L9: =B9*K9 | M9: Batch windows and downstream analytics dependencies.
A10: Analytics / reveal-heavy | B10: 10 | C10: High | D10: =VLOOKUP(C10,Conservative_Assumptions!$A$4:$B$6,2,FALSE) | E10: Medium | F10: =VLOOKUP(E10,Conservative_Assumptions!$D$4:$E$6,2,FALSE) | G10: Near24x7 | H10: =VLOOKUP(G10,Conservative_Assumptions!$G$4:$H$6,2,FALSE) | I10: High | J10: =VLOOKUP(I10,Conservative_Assumptions!$J$4:$K$6,2,FALSE) | K10: =D10*F10*H10*J10 | L10: =B10*K10 | M10: Large result sets and performance sensitivity.
A12: Total applications | B12: =SUM(B4:B10)
A13: Total monthly hours | B13: =SUM(L4:L10)
A14: Total annual hours | B14: =B13*12
A15: Estimated monthly FTE (160h) | B15: =B13/160

Sheet Scenario_100_Conservative
A1: 100 Application Conservative Support Effort Scenario
A2: Sample assumptions. Edit counts or multiplier labels as needed.
A3: Use Case | B3: Application Count | C3: Complexity | D3: Base Complexity Hours / App / Month | E3: Readiness | F3: Readiness Multiplier | G3: Criticality | H3: Criticality Multiplier | I3: Data / Performance | J3: Data / Performance Multiplier | K3: Adjusted Monthly Hours / App | L3: Total Monthly Hours | M3: Notes
A4: Front-end reference / proxy review | B4: 20 | C4: Low | D4: =VLOOKUP(C4,Conservative_Assumptions!$A$4:$B$6,2,FALSE) | E4: Medium | F4: =VLOOKUP(E4,Conservative_Assumptions!$D$4:$E$6,2,FALSE) | G4: BusinessHours | H4: =VLOOKUP(G4,Conservative_Assumptions!$G$4:$H$6,2,FALSE) | I4: Low | J4: =VLOOKUP(I4,Conservative_Assumptions!$J$4:$K$6,2,FALSE) | K4: =D4*F4*H4*J4 | L4: =B4*K4 | M4: Reduced scope after ownership analysis.
A5: Back-end API owners | B5: 25 | C5: Medium | D5: =VLOOKUP(C5,Conservative_Assumptions!$A$4:$B$6,2,FALSE) | E5: Medium | F5: =VLOOKUP(E5,Conservative_Assumptions!$D$4:$E$6,2,FALSE) | G5: Near24x7 | H5: =VLOOKUP(G5,Conservative_Assumptions!$G$4:$H$6,2,FALSE) | I5: Moderate | J5: =VLOOKUP(I5,Conservative_Assumptions!$J$4:$K$6,2,FALSE) | K5: =D5*F5*H5*J5 | L5: =B5*K5 | M5: Likely true REST and business-logic change owners.
A6: JDBC candidate applications | B6: 15 | C6: Low | D6: =VLOOKUP(C6,Conservative_Assumptions!$A$4:$B$6,2,FALSE) | E6: High | F6: =VLOOKUP(E6,Conservative_Assumptions!$D$4:$E$6,2,FALSE) | G6: BusinessHours | H6: =VLOOKUP(G6,Conservative_Assumptions!$G$4:$H$6,2,FALSE) | I6: Moderate | J6: =VLOOKUP(I6,Conservative_Assumptions!$J$4:$K$6,2,FALSE) | K6: =D6*F6*H6*J6 | L6: =B6*K6 | M6: Lower app-support burden if driver strategy is used.
A7: Kafka producers / consumers | B7: 10 | C7: High | D7: =VLOOKUP(C7,Conservative_Assumptions!$A$4:$B$6,2,FALSE) | E7: Medium | F7: =VLOOKUP(E7,Conservative_Assumptions!$D$4:$E$6,2,FALSE) | G7: HighlyCritical | H7: =VLOOKUP(G7,Conservative_Assumptions!$G$4:$H$6,2,FALSE) | I7: High | J7: =VLOOKUP(I7,Conservative_Assumptions!$J$4:$K$6,2,FALSE) | K7: =D7*F7*H7*J7 | L7: =B7*K7 | M7: Shared integration support required.
A8: Mainframe / WebSphere / Oracle | B8: 10 | C8: High | D8: =VLOOKUP(C8,Conservative_Assumptions!$A$4:$B$6,2,FALSE) | E8: Low | F8: =VLOOKUP(E8,Conservative_Assumptions!$D$4:$E$6,2,FALSE) | G8: HighlyCritical | H8: =VLOOKUP(G8,Conservative_Assumptions!$G$4:$H$6,2,FALSE) | I8: High | J8: =VLOOKUP(I8,Conservative_Assumptions!$J$4:$K$6,2,FALSE) | K8: =D8*F8*H8*J8 | L8: =B8*K8 | M8: Older middleware and cross-team coordination risk.
A9: Databricks reveal / batch | B9: 10 | C9: Medium | D9: =VLOOKUP(C9,Conservative_Assumptions!$A$4:$B$6,2,FALSE) | E9: Medium | F9: =VLOOKUP(E9,Conservative_Assumptions!$D$4:$E$6,2,FALSE) | G9: BusinessHours | H9: =VLOOKUP(G9,Conservative_Assumptions!$G$4:$H$6,2,FALSE) | I9: High | J9: =VLOOKUP(I9,Conservative_Assumptions!$J$4:$K$6,2,FALSE) | K9: =D9*F9*H9*J9 | L9: =B9*K9 | M9: Batch and data anomaly support.
A10: Analytics / reveal-heavy | B10: 10 | C10: High | D10: =VLOOKUP(C10,Conservative_Assumptions!$A$4:$B$6,2,FALSE) | E10: Medium | F10: =VLOOKUP(E10,Conservative_Assumptions!$D$4:$E$6,2,FALSE) | G10: Near24x7 | H10: =VLOOKUP(G10,Conservative_Assumptions!$G$4:$H$6,2,FALSE) | I10: High | J10: =VLOOKUP(I10,Conservative_Assumptions!$J$4:$K$6,2,FALSE) | K10: =D10*F10*H10*J10 | L10: =B10*K10 | M10: Reveal-heavy performance review.
A12: Total applications | B12: =SUM(B4:B10)
A13: Total monthly hours | B13: =SUM(L4:L10)
A14: Total annual hours | B14: =B13*12
A15: Estimated monthly FTE (160h) | B15: =B13/160

Sheet Scenario_50_Conservative
A1: 50 Application Conservative Support Effort Scenario
A2: Sample assumptions. Edit counts or multiplier labels as needed.
A3: Use Case | B3: Application Count | C3: Complexity | D3: Base Complexity Hours / App / Month | E3: Readiness | F3: Readiness Multiplier | G3: Criticality | H3: Criticality Multiplier | I3: Data / Performance | J3: Data / Performance Multiplier | K3: Adjusted Monthly Hours / App | L3: Total Monthly Hours | M3: Notes
A4: Front-end reference / proxy review | B4: 5 | C4: Low | D4: =VLOOKUP(C4,Conservative_Assumptions!$A$4:$B$6,2,FALSE) | E4: Medium | F4: =VLOOKUP(E4,Conservative_Assumptions!$D$4:$E$6,2,FALSE) | G4: BusinessHours | H4: =VLOOKUP(G4,Conservative_Assumptions!$G$4:$H$6,2,FALSE) | I4: Low | J4: =VLOOKUP(I4,Conservative_Assumptions!$J$4:$K$6,2,FALSE) | K4: =D4*F4*H4*J4 | L4: =B4*K4 | M4: Small residual population after assessment and rollout prioritization.
A5: Back-end API owners | B5: 15 | C5: Medium | D5: =VLOOKUP(C5,Conservative_Assumptions!$A$4:$B$6,2,FALSE) | E5: Medium | F5: =VLOOKUP(E5,Conservative_Assumptions!$D$4:$E$6,2,FALSE) | G5: Near24x7 | H5: =VLOOKUP(G5,Conservative_Assumptions!$G$4:$H$6,2,FALSE) | I5: Moderate | J5: =VLOOKUP(I5,Conservative_Assumptions!$J$4:$K$6,2,FALSE) | K5: =D5*F5*H5*J5 | L5: =B5*K5 | M5: Primary wave of back-end owners.
A6: JDBC candidate applications | B6: 10 | C6: Low | D6: =VLOOKUP(C6,Conservative_Assumptions!$A$4:$B$6,2,FALSE) | E6: High | F6: =VLOOKUP(E6,Conservative_Assumptions!$D$4:$E$6,2,FALSE) | G6: BusinessHours | H6: =VLOOKUP(G6,Conservative_Assumptions!$G$4:$H$6,2,FALSE) | I6: Moderate | J6: =VLOOKUP(I6,Conservative_Assumptions!$J$4:$K$6,2,FALSE) | K6: =D6*F6*H6*J6 | L6: =B6*K6 | M6: Targeted lower-impact rollout group.
A7: Kafka producers / consumers | B7: 5 | C7: High | D7: =VLOOKUP(C7,Conservative_Assumptions!$A$4:$B$6,2,FALSE) | E7: Medium | F7: =VLOOKUP(E7,Conservative_Assumptions!$D$4:$E$6,2,FALSE) | G7: HighlyCritical | H7: =VLOOKUP(G7,Conservative_Assumptions!$G$4:$H$6,2,FALSE) | I7: High | J7: =VLOOKUP(I7,Conservative_Assumptions!$J$4:$K$6,2,FALSE) | K7: =D7*F7*H7*J7 | L7: =B7*K7 | M7: Event-driven use case wave.
A8: Mainframe / WebSphere / Oracle | B8: 5 | C8: High | D8: =VLOOKUP(C8,Conservative_Assumptions!$A$4:$B$6,2,FALSE) | E8: Low | F8: =VLOOKUP(E8,Conservative_Assumptions!$D$4:$E$6,2,FALSE) | G8: HighlyCritical | H8: =VLOOKUP(G8,Conservative_Assumptions!$G$4:$H$6,2,FALSE) | I8: High | J8: =VLOOKUP(I8,Conservative_Assumptions!$J$4:$K$6,2,FALSE) | K8: =D8*F8*H8*J8 | L8: =B8*K8 | M8: High-touch legacy integration subset.
A9: Databricks reveal / batch | B9: 5 | C9: Medium | D9: =VLOOKUP(C9,Conservative_Assumptions!$A$4:$B$6,2,FALSE) | E9: Medium | F9: =VLOOKUP(E9,Conservative_Assumptions!$D$4:$E$6,2,FALSE) | G9: BusinessHours | H9: =VLOOKUP(G9,Conservative_Assumptions!$G$4:$H$6,2,FALSE) | I9: High | J9: =VLOOKUP(I9,Conservative_Assumptions!$J$4:$K$6,2,FALSE) | K9: =D9*F9*H9*J9 | L9: =B9*K9 | M9: Batch-focused rollout slice.
A10: Analytics / reveal-heavy | B10: 5 | C10: High | D10: =VLOOKUP(C10,Conservative_Assumptions!$A$4:$B$6,2,FALSE) | E10: Medium | F10: =VLOOKUP(E10,Conservative_Assumptions!$D$4:$E$6,2,FALSE) | G10: Near24x7 | H10: =VLOOKUP(G10,Conservative_Assumptions!$G$4:$H$6,2,FALSE) | I10: High | J10: =VLOOKUP(I10,Conservative_Assumptions!$J$4:$K$6,2,FALSE) | K10: =D10*F10*H10*J10 | L10: =B10*K10 | M10: Performance-sensitive reveal subset.
A12: Total applications | B12: =SUM(B4:B10)
A13: Total monthly hours | B13: =SUM(L4:L10)
A14: Total annual hours | B14: =B13*12
A15: Estimated monthly FTE (160h) | B15: =B13/160

Sheet Role_Breakdown
A1: Role-Based Monthly Effort Allocation
A2: Percentages are editable planning allocations applied to the baseline monthly scenario totals.
A3: Role | B3: Allocation % | C3: 250 Apps Monthly Hours | D3: 100 Apps Monthly Hours | E3: 50 Apps Monthly Hours | F3: Role Description
A4: Application developers / integration engineers | B4: 0.18 | C4: =Portfolio_Summary!C4*B4 | D4: =Portfolio_Summary!C5*B4 | E4: =Portfolio_Summary!C6*B4 | F4: Back-end change owners, wrappers, break-fix, vendor coordination
A5: DevOps / SRE | B5: 0.27 | C5: =Portfolio_Summary!C4*B5 | D5: =Portfolio_Summary!C5*B5 | E5: =Portfolio_Summary!C6*B5 | F5: AKS operations, observability, certificates, scaling, platform support
A6: Thales security administration | B6: 0.1 | C6: =Portfolio_Summary!C4*B6 | D6: =Portfolio_Summary!C5*B6 | E6: =Portfolio_Summary!C6*B6 | F6: Policies, user sets, audit review, key lifecycle oversight
A7: DBA / data engineering | B7: 0.15 | C7: =Portfolio_Summary!C4*B7 | D7: =Portfolio_Summary!C5*B7 | E7: =Portfolio_Summary!C6*B7 | F7: Protected tables, data-load planning, schema validation, SQL review
A8: Cloud architects / platform engineering | B8: 0.08 | C8: =Portfolio_Summary!C4*B8 | D8: =Portfolio_Summary!C5*B8 | E8: =Portfolio_Summary!C6*B8 | F8: Cluster topology, network design, workload placement guidance
A9: Performance / capacity engineering | B9: 0.1 | C9: =Portfolio_Summary!C4*B9 | D9: =Portfolio_Summary!C5*B9 | E9: =Portfolio_Summary!C6*B9 | F9: Prometheus review, reveal-heavy tuning, autoscaling thresholds
A10: Service management / release coordination | B10: 0.07 | C10: =Portfolio_Summary!C4*B10 | D10: =Portfolio_Summary!C5*B10 | E10: =Portfolio_Summary!C6*B10 | F10: Incidents, releases, change windows, escalation tracking
A11: Databricks / analytics specialists | B11: 0.05 | C11: =Portfolio_Summary!C4*B11 | D11: =Portfolio_Summary!C5*B11 | E11: =Portfolio_Summary!C6*B11 | F11: Batch UDFs, analytics reveal flows, downstream data consumers
A13: Allocation total | B13: =SUM(B4:B11)

Sheet Visual_Summary
A1: Visual Summary
A2: Formula-based bars provide a simple chart-like view without requiring external libraries.
A3: Scenario | B3: Baseline Monthly Hours | C3: Baseline Bar | D3: Conservative Monthly Hours | E3: Conservative Bar | F3: Baseline FTE | G3: Conservative FTE
A4: 250 apps | B4: =Portfolio_Summary!C4 | C4: =REPT("|",ROUND(B4/120,0)) | D4: =Portfolio_Summary!F4 | E4: =REPT("|",ROUND(D4/120,0)) | F4: =Portfolio_Summary!E4 | G4: =Portfolio_Summary!H4
A5: 100 apps | B5: =Portfolio_Summary!C5 | C5: =REPT("|",ROUND(B5/120,0)) | D5: =Portfolio_Summary!F5 | E5: =REPT("|",ROUND(D5/120,0)) | F5: =Portfolio_Summary!E5 | G5: =Portfolio_Summary!H5
A6: 50 apps | B6: =Portfolio_Summary!C6 | C6: =REPT("|",ROUND(B6/120,0)) | D6: =Portfolio_Summary!F6 | E6: =REPT("|",ROUND(D6/120,0)) | F6: =Portfolio_Summary!E6 | G6: =Portfolio_Summary!H6
